Job ID,Job Title,Company,Location,Job Type,Skills Required,Apply Link
J001,Blockchain Developer,Lyons-Baker,Bennettfort,Full-time,"there, heart, late, life, service",http://kline.com/
J002,Cloud Architect,Rollins Group,Stewartfurt,Full-time,"relate, clear, city, prevent, network",https://www.graves.com/
J003,UI/UX Designer,"Bryant, Aguilar and Mitchell",Hannahport,Contract,"collection, late, tell, baby, site",http://turner.net/
J004,Embedded Systems Engineer,"West, Charles and Scott",North Christopherton,Contract,"camera, store, article, certain, pressure",https://www.nelson.com/
J005,Full Stack Developer,"Rivera, Lawson and Lee",Allenbury,Contract,"present, present, pretty, evidence, camera",https://www.werner-evans.com/
J006,Network Engineer,Morgan LLC,Michaelborough,Full-time,"family, daughter, capital, play, visit",http://www.graham.biz/
J007,Web Developer,Vasquez-Rubio,Lake Denisemouth,Contract,"evidence, take, among, recently, notice",http://www.clark-whitehead.com/
J008,Database Administrator,"Bray, Obrien and Dixon",Whiteton,Internship,"project, money, leader, party, attorney",https://johnson.info/
J009,Blockchain Developer,Evans-Singleton,North Amberbury,Contract,"seat, cost, though, front, light",https://www.reid.com/
J010,Web Developer,Kramer-Holder,New Javierfort,Remote,"price, under, TV, standard, skill",http://powell-davis.com/
J011,Cybersecurity Analyst,"Long, Turner and Vaughan",West Brenda,Internship,"Mrs, least, we, list, step",http://www.pace.biz/
J012,Cloud Architect,Miranda Inc,Audreyfort,Remote,"knowledge, important, them, politics, resource",https://www.taylor-conner.com/
J013,DevOps Engineer,Allen-Smith,Mirandamouth,Full-time,"decide, into, perhaps, ago, body",http://www.adams.com/
J014,Machine Learning Engineer,Brown-Stevenson,Bethanyhaven,Remote,"goal, change, past, poor, while",https://www.scott.com/
J015,Systems Analyst,Mann and Sons,East Kevin,Contract,"economic, while, many, grow, trouble",http://barrett.com/
J016,AI Researcher,"Jimenez, Blackwell and Rivera",Danielfort,Remote,"investment, organization, section, end, again",https://medina.com/
J017,Game Developer,Pacheco-Ferguson,New Ashleyport,Internship,"beat, service, father, also, risk",https://www.ruiz.net/
J018,Product Manager (Software),"Brown, Brown and Larson",Port Nicholasville,Contract,"tonight, able, many, perform, century",https://www.alvarez.com/
J019,Web Developer,Whitaker-Haley,Charlesstad,Contract,"practice, share, give, evening, pretty",http://www.jenkins.com/
J020,Network Engineer,Brewer-Ho,Fernandoland,Full-time,"hope, PM, its, amount, thought",https://alexander.biz/
J021,Software Tester,"Perry, Benson and Smith",Randyview,Remote,"away, off, own, mean, baby",https://elliott.com/
J022,Game Developer,Smith-Thomas,Hannafort,Contract,"radio, should, because, sister, station",http://www.washington.biz/
J023,Embedded Systems Engineer,"Kim, Gibson and Velasquez",Port Allen,Remote,"goal, movie, not, television, both",https://brown-harris.com/
J024,Software Tester,Richardson-Chambers,North Jennifer,Contract,"almost, trip, ok, administration, buy",https://www.small.com/
J025,Full Stack Developer,"Curtis, Camacho and Green",Morrisontown,Contract,"brother, hard, significant, those, good",http://melendez.biz/
J026,Data Scientist,Monroe and Sons,Joehaven,Full-time,"main, fear, left, agree, machine",http://hanson-reyes.org/
J027,Mobile App Developer,Crawford and Sons,West Jonathan,Remote,"why, between, speech, news, foreign",http://dean.com/
J028,Web Developer,"Johnson, Spence and Jones",Lake Kenneth,Full-time,"stop, affect, rate, century, serious",http://white-waller.com/
J029,Blockchain Developer,Ortiz and Sons,East Raymond,Contract,"section, themselves, few, view, book",https://wright-green.biz/
J030,UI/UX Designer,Edwards-Carpenter,Hoovershire,Part-time,"push, despite, alone, another, range",http://hansen.info/
J031,Data Scientist,Clements LLC,New Margaret,Internship,"entire, own, skin, represent, heart",http://www.ayers.com/
J032,Product Manager (Software),"Thomas, Bell and Johnson",North Tonyaland,Internship,"option, find, six, thus, five",http://moore.org/
J033,UI/UX Designer,"Clayton, Walker and Morales",Clarkeshire,Internship,"body, energy, very, fish, person",http://martin.com/
J034,Cloud Architect,Rodriguez Ltd,Matthewton,Internship,"area, recently, treat, low, idea",http://www.smith-mcbride.biz/
J035,DevOps Engineer,Johnson Group,Port Robert,Remote,"mother, entire, big, accept, surface",https://munoz.org/
J036,Web Developer,Brown-Smith,South Tracy,Part-time,"girl, job, environment, I, company",http://www.torres.com/
J037,Frontend Developer,Brown PLC,Anthonyland,Remote,"send, to, exist, compare, organization",https://www.williams.com/
J038,DevOps Engineer,Garner-Miller,Hayesville,Contract,"although, move, hot, appear, space",http://lopez.com/
J039,Frontend Developer,Kerr Ltd,Hillhaven,Internship,"play, something, natural, discuss, democratic",http://www.guzman.com/
J040,Systems Analyst,"Jennings, Pratt and Davis",Hernandezstad,Full-time,"forward, single, production, information, section",http://alexander-gonzales.com/
J041,Machine Learning Engineer,"Thomas, Daniels and Mcmahon",Derricktown,Full-time,"our, which, south, majority, any",https://www.summers.net/
J042,Cybersecurity Analyst,Thompson Group,South Brittanyfurt,Remote,"serve, fly, task, lawyer, piece",http://www.rodriguez.info/
J043,Database Administrator,"Murillo, Vargas and Rogers",South Gloria,Contract,"even, worry, federal, figure, camera",http://mckinney.net/
J044,Web Developer,Knight PLC,Davisburgh,Remote,"ready, direction, available, class, certain",https://www.haas.com/
J045,Cloud Architect,Bailey Inc,Leeburgh,Internship,"expect, down, new, product, if",http://anderson.org/
J046,Cybersecurity Analyst,"Mccall, Adams and Williams",Port Ronaldville,Remote,"consumer, direction, campaign, audience, top",http://www.lawson-lee.com/
J047,Cloud Architect,Baker and Sons,Stricklandville,Part-time,"interview, your, road, major, take",http://www.johnson.com/
J048,Mobile App Developer,White-Martinez,Danielshire,Contract,"community, later, law, able, effect",https://www.strickland.com/
J049,Frontend Developer,Lee-Payne,Newmanmouth,Internship,"country, those, medical, nearly, administration",https://willis.net/
J050,Frontend Developer,Valencia Inc,North Teresahaven,Full-time,"Mrs, house, business, anyone, maybe",http://obrien-jacobs.com/
J051,UI/UX Designer,"Reid, Thompson and Williams",New Amandaburgh,Contract,"during, character, listen, member, worry",https://johnson.info/
J052,Software Tester,"Knight, Williams and Harris",New Cody,Remote,"wide, hot, end, hear, green",https://green-brooks.com/
J053,Network Engineer,Banks-Hodges,Martinezmouth,Full-time,"image, young, keep, later, total",http://www.martinez.com/
J054,Web Developer,Hunt-Garcia,Lake Luke,Internship,"employee, news, data, card, even",https://www.avery.com/
J055,DevOps Engineer,Myers PLC,South Williamland,Full-time,"exactly, hot, own, opportunity, I",https://scott.net/
J056,Data Scientist,Robinson-Cole,West Jacquelineburgh,Full-time,"past, interest, catch, something, send",http://www.morris-mcdonald.biz/
J057,Cloud Architect,"Mckenzie, Flowers and Williams",Port Tracyburgh,Contract,"strong, campaign, black, industry, themselves",http://wheeler-williams.net/
J058,Machine Learning Engineer,"Miller, Jones and Murphy",Thomasberg,Contract,"child, usually, charge, at, foot",http://nichols-frank.org/
J059,Cybersecurity Analyst,"Cooper, Nichols and Solomon",New Patrick,Part-time,"report, or, create, tax, company",http://martinez.com/
J060,Full Stack Developer,"Johnson, Sutton and Walker",West Theresatown,Internship,"area, soldier, or, instead, night",http://ryan.net/
J061,Product Manager (Software),"Gonzalez, Young and Dean",Angelachester,Contract,"president, up, though, personal, half",https://www.brown.net/
J062,Cybersecurity Analyst,Powell-Smith,Juliaburgh,Full-time,"home, defense, he, mention, know",https://www.payne.com/
J063,Full Stack Developer,White Inc,Susanside,Contract,"door, ok, toward, near, body",http://olson.com/
J064,Software Tester,"Ross, Williams and Blair",Lake Brandonfurt,Full-time,"decision, debate, game, shoulder, see",https://www.taylor.biz/
J065,AI Researcher,Hardin-Rush,Mercadoberg,Full-time,"head, executive, citizen, program, father",https://www.roman-taylor.org/
J066,Data Scientist,"Miller, Freeman and Sexton",North Karenview,Part-time,"upon, billion, something, figure, truth",http://oliver.net/
J067,Systems Analyst,Rodriguez-Alvarez,East Craig,Part-time,"administration, population, race, parent, together",https://www.miller.com/
J068,Web Developer,Sandoval-Smith,Port Danastad,Remote,"out, heart, brother, end, participant",http://www.howell-clarke.com/
J069,AI Researcher,"Thompson, Taylor and Wood",Chungstad,Remote,"quickly, test, TV, behavior, own",https://gonzales.org/
J070,Full Stack Developer,"Henderson, Hampton and Stevens",Adamville,Full-time,"form, song, happy, staff, out",http://chase-ball.com/
J071,Machine Learning Engineer,"Ponce, Rogers and Lee",East Briantown,Internship,"stand, suffer, money, top, before",https://www.allen-smith.com/
J072,Software Tester,Erickson Inc,Lisaville,Remote,"run, amount, ground, environment, may",http://stewart-travis.com/
J073,Systems Analyst,"Bailey, Cummings and Keller",Hallmouth,Internship,"occur, somebody, its, middle, deep",https://www.ramirez.biz/
J074,AI Researcher,Miller-Singleton,Jamesville,Part-time,"end, provide, concern, prove, environmental",http://smith-hester.com/
J075,Cloud Architect,Bell-Larson,East James,Remote,"father, camera, around, small, myself",https://ward.org/
J076,UI/UX Designer,Richmond and Sons,Jacksonland,Part-time,"wait, effort, account, and, hand",http://durham.com/
J077,AI Researcher,Harris-Hamilton,West Jenniferhaven,Remote,"show, everybody, family, paper, prepare",http://wells-williams.com/
J078,Database Administrator,Stevens-George,Sotochester,Full-time,"miss, lead, if, grow, discuss",https://wagner.biz/
J079,Frontend Developer,Diaz LLC,West Michael,Full-time,"he, rock, tax, all, debate",http://harris.com/
J080,Game Developer,Barnes-Moore,Port Robert,Full-time,"me, responsibility, citizen, environment, argue",https://carpenter.com/
J081,Blockchain Developer,Morris-Williams,Lake Stevenhaven,Remote,"fire, now, price, husband, lawyer",http://williams-ramos.com/
J082,UI/UX Designer,"Ferguson, Davis and Fisher",Lake Alexander,Part-time,"present, college, history, suddenly, plan",https://sanchez.info/
J083,Data Scientist,Nelson Group,Miguelville,Remote,"east, lead, culture, consumer, analysis",http://harvey.com/
J084,Full Stack Developer,Reid and Sons,Ayalachester,Remote,"decision, physical, across, check, father",http://www.miller.biz/
J085,Mobile App Developer,Singh-Delacruz,Garnerburgh,Part-time,"discussion, it, over, only, know",http://www.ritter.com/
J086,Systems Analyst,Myers-Cruz,Port Jacquelineport,Full-time,"kind, image, he, read, second",https://norman-harris.com/
J087,Embedded Systems Engineer,Smith and Sons,Gravesshire,Part-time,"billion, oil, effect, wait, think",http://www.ward.com/
J088,Full Stack Developer,Robinson Ltd,Daniellebury,Part-time,"sell, attack, customer, yeah, enter",http://www.alvarez-smith.com/
J089,DevOps Engineer,Martinez-Griffin,Lake Seanmouth,Remote,"drug, relate, knowledge, activity, ball",http://www.henderson-phillips.com/
J090,Product Manager (Software),Harrell-Ballard,Port Tammie,Contract,"way, nature, suddenly, positive, do",https://www.pope.com/
J091,Cybersecurity Analyst,Michael-Davis,North Victor,Remote,"should, nature, but, else, too",https://www.willis-johnson.net/
J092,AI Researcher,Dunlap Inc,North Benjaminfurt,Full-time,"over, risk, miss, whom, million",http://www.hanson.com/
J093,Cybersecurity Analyst,Young-Phillips,Charlesmouth,Full-time,"service, force, television, style, name",http://www.mitchell.biz/
J094,AI Researcher,"Thomas, Jensen and Torres",South Kristinside,Full-time,"apply, economy, role, model, training",http://www.taylor-jefferson.com/
J095,Data Scientist,James Group,Lisatown,Contract,"low, pattern, soldier, one, cell",https://duarte.biz/
J096,Software Tester,Burgess LLC,Caseyfurt,Contract,"address, enter, write, player, man",http://campos-carter.com/
J097,Web Developer,"Parsons, Wright and Schneider",Jaytown,Remote,"never, amount, loss, answer, group",http://www.castro.com/
J098,Machine Learning Engineer,Marquez and Sons,South Antonio,Full-time,"last, establish, another, such, manage",http://weiss.com/
J099,Game Developer,Weaver PLC,South Josemouth,Remote,"defense, often, music, ask, stand",http://meadows.org/
J100,DevOps Engineer,Wong-Alexander,Ramosland,Part-time,"key, light, director, player, ground",https://lawson.com/
